[
	{
		"pid": "0",
		"id": "1",
		"val": "同学"
	}, {
		"pid": "0",
		"id": "2",
		"val": "家人"
	}, {
		"pid": "0",
		"id": "3",
		"val": "好友"
	}, {
		"pid": "0",
		"id": "4",
		"val": "同事"
	}, {
		"pid": "1",
		"id": "5",
		"val": "小学"
	}, {
		"pid": "1",
		"id": "6",
		"val": "中学"
	}, {
		"pid": "1",
		"id": "7",
		"val": "大学"
	}, {
		"pid": "5",
		"id": "8",
		"val": "张三"
	}, {
		"pid": "5",
		"id": "9",
		"val": "李四"
	}, {
		"pid": "6",
		"id": "10",
		"val": "王五"
	}, {
		"pid": "6",
		"id": "11",
		"val": "赵六"
	}, {
		"pid": "7",
		"id": "12",
		"val": "钱七"
	}, {
		"pid": "7",
		"id": "13",
		"val": "孙八"
	}, {
		"pid": "3",
		"id": "14",
		"val": "王五"
	}, {
		"pid": "3",
		"id": "15",
		"val": "赵六"
	}, {
		"pid": "3",
		"id": "16",
		"val": "钱七"
	}, {
		"pid": "3",
		"id": "17",
		"val": "孙八"
	}, {
		"pid": "4",
		"id": "18",
		"val": "张三"
	}, {
		"pid": "4",
		"id": "19",
		"val": "李四"
	}, {
		"pid": "2",
		"id": "20",
		"val": "小虎"
	}, {
		"pid": "2",
		"id": "21",
		"val": "二虎"
	}, {
		"pid": "2",
		"id": "22",
		"val": "七七"
	}
]