[
	{
		"pid": "0",
		"id": "1",
		"val": "目录节点1"
	}, {
		"pid": "0",
		"id": "2",
		"val": "目录节点2"
	}, {
		"pid": "0",
		"id": "3",
		"val": "目录节点3"
	}, {
		"pid": "0",
		"id": "4",
		"val": "叶子节点1"
	}, {
		"pid": "1",
		"id": "5",
		"val": "目录节点4"
	}, {
		"pid": "5",
		"id": "6",
		"val": "目录节点5"
	}, {
		"pid": "5",
		"id": "7",
		"val": "目录节点6"
	}, {
		"pid": "6",
		"id": "8",
		"val": "目录节点7"
	}, {
		"pid": "8",
		"id": "9",
		"val": "叶子节点2"
	}, {
		"pid": "8",
		"id": "10",
		"val": "叶子节点3"
	}, {
		"pid": "6",
		"id": "11",
		"val": "叶子节点9"
	}, {
		"pid": "8",
		"id": "12",
		"val": "叶子节点4"
	}, {
		"pid": "8",
		"id": "13",
		"val": "叶子节点5"
	}, {
		"pid": "8",
		"id": "14",
		"val": "叶子节点6"
	}, {
		"pid": "8",
		"id": "15",
		"val": "叶子节点7"
	}, {
		"pid": "6",
		"id": "16",
		"val": "叶子节点10"
	}, {
		"pid": "8",
		"id": "17",
		"val": "叶子节点8"
	}, {
		"pid": "6",
		"id": "18",
		"val": "叶子节点11"
	}, {
		"pid": "6",
		"id": "29",
		"val": "叶子节点12"
	}, {
		"pid": "6",
		"id": "28",
		"val": "叶子节点13"
	}, {
		"pid": "7",
		"id": "19",
		"val": "叶子节点14"
	}, {
		"pid": "7",
		"id": "20",
		"val": "叶子节点15"
	}, {
		"pid": "7",
		"id": "21",
		"val": "叶子节点16"
	}, {
		"pid": "7",
		"id": "22",
		"val": "叶子节点17"
	}, {
		"pid": "7",
		"id": "23",
		"val": "叶子节点18"
	}, {
		"pid": "7",
		"id": "24",
		"val": "叶子节点19"
	}, {
		"pid": "7",
		"id": "25",
		"val": "叶子节点20"
	}, {
		"pid": "7",
		"id": "26",
		"val": "叶子节点21"
	}, {
		"pid": "7",
		"id": "31",
		"val": "叶子节点22"
	}, {
		"pid": "2",
		"id": "201",
		"val": "叶子节点23"
	}, {
		"pid": "2",
		"id": "202",
		"val": "叶子节点24"
	}, {
		"pid": "2",
		"id": "203",
		"val": "叶子节点25"
	}, {
		"pid": "2",
		"id": "204",
		"val": "叶子节点26"
	}, {
		"pid": "2",
		"id": "205",
		"val": "叶子节点27"
	}, {
		"pid": "2",
		"id": "206",
		"val": "叶子节点28"
	}, {
		"pid": "2",
		"id": "207",
		"val": "叶子节点29"
	}, {
		"pid": "2",
		"id": "208",
		"val": "叶子节点30"
	}, {
		"pid": "2",
		"id": "209",
		"val": "叶子节点31"
	}, {
		"pid": "2",
		"id": "212",
		"val": "叶子节点32"
	}, {
		"pid": "2",
		"id": "213",
		"val": "叶子节点33"
	}, {
		"pid": "2",
		"id": "214",
		"val": "叶子节点34"
	}, {
		"pid": "2",
		"id": "215",
		"val": "叶子节点35"
	}, {
		"pid": "2",
		"id": "216",
		"val": "叶子节点36"
	}, {
		"pid": "2",
		"id": "222",
		"val": "叶子节点37"
	}, {
		"pid": "2",
		"id": "223",
		"val": "叶子节点38"
	}, {
		"pid": "2",
		"id": "224",
		"val": "叶子节点39"
	}, {
		"pid": "2",
		"id": "225",
		"val": "叶子节点40"
	}, {
		"pid": "2",
		"id": "226",
		"val": "叶子节点41"
	}, {
		"pid": "2",
		"id": "227",
		"val": "叶子节点42"
	}, {
		"pid": "3",
		"id": "301",
		"val": "叶子节点43"
	}, {
		"pid": "3",
		"id": "302",
		"val": "叶子节点44"
	}
]