[
	{
		"text": "Aaron",
		"value": "1"
	}, {
		"text": "Baird",
		"value": "2"
	}, {
		"text": "Christian",
		"value": "3"
	}, {
		"text": "David",
		"value": "4"
	}, {
		"text": "Emmanuel",
		"value": "5"
	}, {
		"text": "Franklin",
		"value": "6"
	}, {
		"text": "Gavin",
		"value": "7"
	}, {
		"text": "Harlan",
		"value": "8"
	}, {
		"text": "Jack",
		"value": "9"
	}, {
		"text": "King",
		"value": "10"
	}, {
		"text": "Lance",
		"value": "11"
	}, {
		"text": "Marcus",
		"value": "12"
	}, {
		"text": "Norton",
		"value": "13"
	}, {
		"text": "Oscar",
		"value": "14"
	}, {
		"text": "Quinn",
		"value": "15"
	}, {
		"text": "Robin",
		"value": "16"
	}, {
		"text": "Virgil",
		"value": "17"
	}, {
		"text": "Xavier",
		"value": "18"
	}
]
