{
	"data": [
		{
			"empno" : "0001",
			"name": "卡通陶瓷杯",
			"address": "景德镇",
			"mader": "凯通",
			"date ": "2012-10-10",
			"price": 96.5,
			"class": "A等品",
			"selldate":"2012-10-20",
			"repalce":"家润多超市",
			"remark":"长期"
		},
		{
			"empno" : "0002",
			"name": "dell笔记本",
			"address": "美国",
			"mader": "dell",
			"date ": "2012-10-10",
			"price": 5500,
			"class": "一等品",
			"selldate":"2012-10-20",
			"repalce":"广州****",
			"remark":"力推新款"
		},
		{
			"empno" : "0003",
			"name": "小米手机",
			"address": "北京",
			"mader": "小米科技",
			"date ": "2012-10-10",
			"price": 1999,
			"class": "一等品",
			"selldate":"2012-10-20",
			"repalce":"京东商城",
			"remark":"先到先得"
		},
		{
			"empno" : "0004",
			"name": "the new ipad",
			"address": "美国加州",
			"mader": "苹果公司",
			"date ": "2012-10-10",
			"price": 3366,
			"class": "一等品",
			"selldate":"2012-10-20",
			"repalce":"",
			"remark":""
		},
		{
			"empno" : "0005",
			"name": "ipad保护套",
			"address": "南京",
			"mader": "ESR",
			"date ": "2012-10-10",
			"price": 99,
			"class": "一等品",
			"selldate":"2012-10-20",
			"repalce":"",
			"remark":""
		},
		{
			"empno" : "0006",
			"name": "婴儿餐椅",
			"address": "徐州",
			"mader": "小硕士婴儿用品",
			"date ": "2012-10-10",
			"price": 198,
			"class": "一等品",
			"selldate":"2012-10-20",
			"repalce":"",
			"remark":""
		},
		{
			"empno" : "0007",
			"name": "绿茶",
			"address": "长沙",
			"mader": "云雾茶叶",
			"date ": "2012-10-10",
			"price": 58,
			"class": "一等品",
			"selldate":"2012-10-20",
			"repalce":"",
			"remark":""
		}
	],
	"info": {
		"pageSize": 10,
		"records": 7,
		"page": 1,
		"total": 1
	}
}