{
	"data": [
		{
			"name" : "Jacky",
			"chinese": 95,
			"maths": 86,
			"english": 98,
			"physics ": 94.5,
			"chemistry": 96.5
		},{
			"name" : "Weakfi",
			"chinese": 92,
			"maths": 89,
			"english": 93,
			"physics ": 93.5,
			"chemistry": 98.5
		},{
			"name" : "RongTao",
			"chinese": 95,
			"maths": 91,
			"english": 98,
			"physics ": 94,
			"chemistry": 99.5
		},{
			"name" : "LuoFan",
			"chinese": 95,
			"maths": 95,
			"english": 98,
			"physics ": 93,
			"chemistry": 97
		},{
			"name" : "XinJie",
			"chinese": 95,
			"maths": 86,
			"english": 89,
			"physics ": 91,
			"chemistry": 92
		},{
			"name" : "FaZhi",
			"chinese": 85,
			"maths": 82,
			"english": 89,
			"physics ": 91,
			"chemistry": 95
		},{
			"name" : "WenKui",
			"chinese": 94,
			"maths": 99,
			"english": 89,
			"physics ": 81,
			"chemistry": 95
		},{
			"name" : "XiaoHui",
			"chinese": 85,
			"maths": 99,
			"english": 91,
			"physics ": 81,
			"chemistry": 92
		},{
			"name" : "ChenJie",
			"chinese": 89,
			"maths": 99,
			"english": 81,
			"physics ": 85,
			"chemistry": 95
		},{
			"name" : "Haiyu",
			"chinese": 89,
			"maths": 92,
			"english": 83,
			"physics ": 95,
			"chemistry": 95
		}
		
	],
	"info": {
		"pageSize": 10,
		"records": 10,
		"page": 1,
		"total": 1
	}
}