{
	"data": [
		{
			"empno": "2212",
			"name": "袁维",
			"department": "技术研发部",
			"position": "前端工程师",
			"pay": 4632,
			"datesemployed": "2012-05-17",
			"isuse": true
		}, {
			"empno": "2320",
			"name": "张琦",
			"department": "技术研发部",
			"position": "前端工程师",
			"pay": 4632,
			"datesemployed": "2012-05-17",
			"isuse": true
		}, {
			"empno": "0143",
			"name": "张鹏楠",
			"department": "技术研发部",
			"position": "前端工程师",
			"pay": 3230,
			"datesemployed": "2012-01-31",
			"isuse": true
		}, {
			"empno": "1712",
			"name": "徐承",
			"department": "技术研发部",
			"position": "后台工程师",
			"pay": 4373,
			"datesemployed": "2012-01-31",
			"isuse": true
		}, {
			"empno": "1712",
			"name": "徐承",
			"department": "技术研发部",
			"position": "后台工程师",
			"pay": 4373,
			"datesemployed": "2012-01-31",
			"isuse": true
		}, {
			"empno": "1712",
			"name": "徐承",
			"department": "技术研发部",
			"position": "后台工程师",
			"pay": 4373,
			"datesemployed": "2012-01-31",
			"isuse": true
		}, {
			"empno": "1712",
			"name": "徐承",
			"department": "技术研发部",
			"position": "后台工程师",
			"pay": 4373,
			"datesemployed": "2012-01-31",
			"isuse": true
		}, {
			"empno": "1712",
			"name": "徐承",
			"department": "技术研发部",
			"position": "后台工程师",
			"pay": 4373,
			"datesemployed": "2012-01-31",
			"isuse": true
		}, {
			"empno": "1712",
			"name": "徐承",
			"department": "技术研发部",
			"position": "后台工程师",
			"pay": 4373,
			"datesemployed": "2012-01-31",
			"isuse": true
		}, {
			"empno": "0743",
			"name": "唐岳",
			"department": "技术研发部",
			"position": "技术经理",
			"pay": 6300,
			"datesemployed": "2012-01-31",
			"isuse": true
		}
	],
	"info": {
		"pageSize": 10,
		"records": 10,
		"page": 1,
		"total": 1
	}
}